fitur,random_forest,lightgbm
gradien_sobel,0.005890287561417329,0.0036469194551256062
intensitas,0.007225382392659635,0.00023884716775513545
std_11,0.01031914149718256,0.007429045414273708
std_5,0.011165543751832596,0.007293786777872658
std_21,0.011772105885319042,0.01615169284898966
kontras_5_41,0.017044444237800632,0.026281795869476376
max_11,0.04232349977147493,0.02020288367312005
mean_21,0.0819399446857615,0.05035231346892791
mean_41,0.10135025685211137,0.01715843319580529
mean_5,0.15574200936629884,0.004932212851250162
selisih_mean_citra,0.17005940415147383,0.14300068339855077
mean_11,0.1811307869660656,0.13456188751396725
min_11,0.20403719288060213,0.5687494983648854
