epoch,train_loss,val_dice,val_iou,lr,sec
1,0.3651521747534195,0.8201553196502337,0.6951383799154798,0.0009984740801978985,40.39613175392151
2,0.31333728620175566,0.8262032186325644,0.7038724519844604,0.0009939057285945933,15.34267258644104
3,0.2939485165845142,0.8349070747650926,0.7166012741831367,0.00098632311059685,15.651170015335083
4,0.29678460294276143,0.8356868326004067,0.7177509075731325,0.0009757729755661011,15.204006671905518
5,0.29762945592068557,0.8404870185050455,0.7248621032439064,0.000962320368593087,14.98349404335022
6,0.28973265461037667,0.8494767860750759,0.7383395448207858,0.0009460482294732421,15.001257181167603
7,0.28218604850300244,0.8470707152819968,0.7347117698456096,0.0009270568813552756,15.438823699951172
8,0.2789599033219091,0.8476374622880931,0.7355649238399697,0.000905463412215599,15.515131711959839
9,0.27846525416950163,0.8471346235346489,0.7348079323293903,0.0008814009529720154,15.984788179397583
10,0.26796703233142916,0.8323457710684509,0.7128358296874246,0.000855017856687341,15.138277292251587
11,0.2804607938179809,0.8458985703557783,0.7329499371788717,0.000826476783923441,15.075005054473877
12,0.2727402657103003,0.8313691616365246,0.7114044352969116,0.0007959536998847741,15.128249883651733
13,0.2675916404369172,0.8553317500073543,0.7472311300788239,0.0007636367895343945,15.147111892700195
14,0.26570555785398803,0.8250681004242785,0.7022263168803383,0.0007297252973710755,15.187148094177246
15,0.2618397270025832,0.8583946063452197,0.7519188426371406,0.0006944282990207194,15.184205055236816
16,0.2670224170838849,0.855078353578354,0.7468444292680009,0.0006579634122155989,15.18102741241455
17,0.25319689319709715,0.8584144838682071,0.7519493474101728,0.0006205554551086731,15.15288233757019
18,0.26012345855490543,0.8573743562876064,0.7503545548846557,0.0005824350601949142,15.165266275405884
19,0.2643401549522127,0.8512142601491495,0.7409686859968028,0.0005438372523852832,15.161144733428955
20,0.25877909730659443,0.8605760801289635,0.7552729630481745,0.0005049999999999999,15.147141456604004
21,0.25169460467073357,0.862087107754432,0.7576037793659066,0.0004661627476147167,15.146429061889648
22,0.2552060592040587,0.862592092879234,0.7583841183791304,0.00042756493980508576,15.196184873580933
23,0.2464438189616364,0.8635816930062814,0.7599153302016057,0.0003894445448913268,15.158103942871094
24,0.24596498956841029,0.8637786992606542,0.7602204770308287,0.000352036587784401,15.100589752197266
25,0.24552476397725972,0.8640262538836095,0.7606040692731665,0.0003155717009792805,15.123625040054321
26,0.238070217662313,0.864802732762389,0.7618083285795779,0.00028027470262892423,15.168533563613892
27,0.23883011233940554,0.865557172934793,0.762979986548975,0.0002463632104656052,15.499763250350952
28,0.23796272311317787,0.8668483770543192,0.7649888677747345,0.00021404630011522574,15.207019090652466
29,0.24192361039726923,0.8650263047254645,0.7621553771043353,0.00018352321607655907,15.14743685722351
30,0.23642027662711196,0.8653450316360325,0.7626503701682577,0.00015498214331265893,15.159818649291992
31,0.23538830574978603,0.8681042585138694,0.7669471901838643,0.00012859904702798464,15.18760895729065
32,0.22944468109125501,0.8679890025008783,0.7667672879666982,0.00010453658778440102,15.17652678489685
33,0.22738984746209692,0.8672788273121781,0.7656595888061504,8.294311864472433e-05,15.189997434616089
34,0.22818863659762265,0.8677939441930419,0.7664629064137433,6.395177052675792e-05,15.165013313293457
35,0.23002210535695045,0.8684601183660231,0.7675028803332509,4.7679631406913044e-05,15.163664102554321
36,0.2293930221976859,0.8691945173754323,0.7686507809973261,3.422702443389899e-05,15.181203365325928
37,0.2325144660439384,0.8695501125689991,0.7692071291590744,2.3676889403150102e-05,15.153404712677002
38,0.2301782150281949,0.8678907658808828,0.766613980104296,1.609427140540686e-05,15.159181356430054
39,0.22854696825314103,0.8691730340779121,0.768617180409365,1.1525919802101659e-05,15.11869215965271
40,0.22706692724415425,0.8698974599281969,0.7697509111632705,1e-05,15.111276149749756
