epoch,train_loss,val_loss,val_dice,val_iou,val_dice_macro,lr,sec
1,0.45975275856725284,0.3629187932090154,0.8207187761605409,0.6959483111996609,0.7280951628291574,0.0009984740801978985,14.688002824783325
2,0.36450049381577565,0.3583154252597264,0.7789610076079231,0.6379493304156482,0.7093810732569082,0.0009939057285945933,13.689413785934448
3,0.33748336052626704,0.3057903988020761,0.8256094130576519,0.7030109251873473,0.7382916085525687,0.00098632311059685,13.9083993434906
4,0.32117236430725354,0.28769904658907935,0.8341349575607975,0.7154644210067701,0.756106609691893,0.0009757729755661011,14.46930456161499
5,0.3245227603095301,0.2953250323023115,0.8252770118792664,0.7025290389519878,0.7431735105866265,0.000962320368593087,14.493315696716309
6,0.31362493637572514,0.2948887442785596,0.8299927979647984,0.7093911870978609,0.7479068646109419,0.0009460482294732421,14.597926139831543
7,0.3160809016462122,0.27980069792459883,0.8334836087672236,0.7145065556141879,0.7533279632265238,0.0009270568813552756,14.846861600875854
8,0.30846393970626124,0.2775480785067119,0.8385876972550034,0.7220413416260552,0.756708383217461,0.000905463412215599,15.143428325653076
9,0.30537297350637027,0.2737244149995229,0.843455981135868,0.7292899944822205,0.7610169354441695,0.0008814009529720154,15.342903852462769
10,0.30250403845912954,0.2756976305492341,0.8375377631984349,0.7204859966056725,0.7616079412042334,0.000855017856687341,15.229025602340698
11,0.3037225328636973,0.27498670513667756,0.8384004911711018,0.7217638134302938,0.7637022646632692,0.000826476783923441,15.050862073898315
12,0.29967208867997264,0.2669160621506827,0.8466942819413245,0.7341455684157531,0.7660576941560391,0.0007959536998847741,15.00593876838684
13,0.2916559068841881,0.2643167605948827,0.8475021880249988,0.7353612121594049,0.7741104527044627,0.0007636367895343945,15.005690097808838
14,0.28830808317393397,0.26110591656631893,0.8494466351439075,0.7382939906052541,0.7745057949887374,0.0007297252973710755,15.405852556228638
15,0.29103456353873347,0.2602080596344812,0.8506628910412767,0.740133494699358,0.770657108693275,0.0006944282990207194,15.148761749267578
16,0.28773646366395306,0.2725556256279113,0.8434860591070644,0.7293349688943788,0.7643348399927137,0.0006579634122155989,15.12050724029541
17,0.28582707022348147,0.25966456201341415,0.8489620421449471,0.7375621597457818,0.7736605926831424,0.0006205554551086731,15.127547025680542
18,0.2840014206392042,0.2645045466839321,0.846211298834722,0.7334196443248961,0.775179095650081,0.0005824350601949142,15.106454849243164
19,0.27798873052168427,0.26031458094006493,0.8486849868854756,0.7371440285396978,0.7748162660883033,0.0005438372523852832,15.075975179672241
20,0.28733305172638945,0.2515378741044847,0.8564205156336934,0.7488946132225018,0.7786414114429979,0.0005049999999999999,15.057937860488892
21,0.2791397686252433,0.25126674250950887,0.858366214859286,0.7518752738676936,0.78434911409707,0.0004661627476147167,15.059467315673828
22,0.27214531064703223,0.2482263460045769,0.8536809092427045,0.7447149019203153,0.7826473003499264,0.00042756493980508576,15.493546962738037
23,0.27476307758119667,0.2568297525719991,0.8483068593744935,0.7365736839534894,0.7790702490442118,0.0003894445448913268,15.126508712768555
24,0.26906439075978955,0.2550913426611159,0.8527525616607989,0.743303086294336,0.7768226494576673,0.000352036587784401,15.139001369476318
25,0.2670221643501453,0.24004771998004307,0.8595667789373233,0.753719519093247,0.7851270100118499,0.0003155717009792805,15.133366584777832
26,0.26879577623324447,0.243620318316278,0.8579188630535729,0.7511890664330413,0.7831819286582838,0.00028027470262892423,15.117103338241577
27,0.26710207283162,0.2385945256267275,0.8599581853627587,0.7543216172613769,0.7826397193851955,0.0002463632104656052,15.240529537200928
28,0.26306233119763683,0.24456064970720381,0.8566114194118363,0.7491866142052879,0.7791754719269923,0.00021404630011522574,15.117607355117798
29,0.25834966944844534,0.23686204779715764,0.8580552376859738,0.7513981989349632,0.7816279404729216,0.00018352321607655907,15.096567630767822
30,0.25931562156824584,0.23246954830866012,0.8634178321124873,0.7596616034520961,0.7877872035985023,0.00015498214331265893,15.111905574798584
31,0.253391702690821,0.23125354519912175,0.8618703828691675,0.7572690929895133,0.787829440860329,0.00012859904702798464,15.309062719345093
32,0.25500582593880344,0.23306978955155327,0.8625727758679957,0.7583542556107219,0.7892283507098006,0.00010453658778440102,15.107379674911499
33,0.25539292863915475,0.23294431728030007,0.8606687815556555,0.7554157804354928,0.7873898501018718,8.294311864472433e-05,15.139560461044312
34,0.25254782841781553,0.23332711179105062,0.8613950364805165,0.7565354658369856,0.7854489756201773,6.395177052675792e-05,15.264058113098145
35,0.25318858429287255,0.23130073717662267,0.8635198323505878,0.759819534850846,0.7875328505738616,4.7679631406913044e-05,15.085468053817749
36,0.2500230607189489,0.23252963168280466,0.8618944730060375,0.7573062888838864,0.7858835136322602,3.422702443389899e-05,15.102246046066284
37,0.25043451317240684,0.22929216424624124,0.8640033763950765,0.7605686130063353,0.7875400081021043,2.3676889403150102e-05,15.096139192581177
38,0.24898866338006567,0.22920887668927512,0.863760527738621,0.7601923263760042,0.7873367934071072,1.609427140540686e-05,15.072558164596558
39,0.2455063753583458,0.2318419199141245,0.8619839561255698,0.7574444672949461,0.7858022263637235,1.1525919802101659e-05,15.437245607376099
40,0.2472532939877403,0.23027157002971285,0.8630821867688174,0.7591421092399728,0.7865164424934517,1e-05,15.113276243209839
